Workbook

Sheet Team_Season
A1: Season | B1: Team | C1: Group | D1: Scheduled Games | E1: Wins | F1: Losses | G1: Off Rtg | H1: Def Rtg | I1: Net Rtg | J1: Preseason Odds | K1: Implied Title Prob. | L1: Core Trio | M1: Core WS Total | N1: Core WS / Team Wins | O1: Avg Core Net On/Off | P1: Core Games Missed | Q1: Core Availability % | R1: Value-Weighted Games Missed | S1: Playoff Result | T1: Playoff Injury / Absence Note | U1: Team Stats Source | V1: Player WS Source | W1: On/Off Source
A2: 2012-13 | B2: Miami Heat | C2: Superteam | D2: 82 | E2: 66 | F2: 16 | G2: 112.3 | H2: 103.7 | I2: 8.6 | J2: 225 | K2: =IF(J2>0,100/(J2+100),ABS(J2)/(ABS(J2)+100)) -> 0.30769231 | L2: LeBron James / Dwyane Wade / Chris Bosh | M2: =SUM(Player_Core!I2:I4) -> 39.3 | N2: =IF(E2=0,0,M2/E2) -> 0.59545455 | O2: =AVERAGE(Player_Core!K2:K4) -> 8.6233333 | P2: =SUM(Player_Core!H2:H4) -> 27 | Q2: =1-P2/SUM(Player_Core!F2:F4) -> 0.8902439 | R2: =SUM(Player_Core!L2:L4) -> 4.4654947 | S2: NBA champions | T2: Core available for title run; Wade managed knee issues. | U2: https://www.basketball-reference.com/teams/MIA/2013.html | V2: https://www.thebasketballdatabase.com/2012-13MIARegularSeasonAdvanced.html | W2: https://www.thebasketballdatabase.com/2012-13MIARegularSeasonPlaybyPlay.html
A3: 2013-14 | B3: San Antonio Spurs | C3: Comparison | D3: 82 | E3: 62 | F3: 20 | G3: 110.5 | H3: 102.4 | I3: 8.1 | J3: 1200 | K3: =IF(J3>0,100/(J3+100),ABS(J3)/(ABS(J3)+100)) -> 0.076923077 | L3: Tim Duncan / Tony Parker / Kawhi Leonard | M3: =SUM(Player_Core!I5:I7) -> 21.3 | N3: =IF(E3=0,0,M3/E3) -> 0.34354839 | O3: =AVERAGE(Player_Core!K5:K7) -> -1.48 | P3: =SUM(Player_Core!H5:H7) -> 38 | Q3: =1-P3/SUM(Player_Core!F5:F7) -> 0.84552846 | R3: =SUM(Player_Core!L5:L7) -> 3.9333598 | S3: NBA champions | T3: No major core playoff absence; unusually deep rotation. | U3: https://www.basketball-reference.com/teams/SAS/2014.html | V3: https://www.thebasketballdatabase.com/2013-14SASRegularSeasonAdvanced.html | W3: https://www.thebasketballdatabase.com/2013-14RegularSeasonPlayerOnOffNet.html
A4: 2015-16 | B4: Cleveland Cavaliers | C4: Superteam | D4: 82 | E4: 57 | F4: 25 | G4: 110.9 | H4: 104.5 | I4: 6.4 | J4: 280 | K4: =IF(J4>0,100/(J4+100),ABS(J4)/(ABS(J4)+100)) -> 0.26315789 | L4: LeBron James / Kyrie Irving / Kevin Love | M4: =SUM(Player_Core!I8:I10) -> 27.8 | N4: =IF(E4=0,0,M4/E4) -> 0.4877193 | O4: =AVERAGE(Player_Core!K8:K10) -> 6.4666667 | P4: =SUM(Player_Core!H8:H10) -> 40 | Q4: =1-P4/SUM(Player_Core!F8:F10) -> 0.83739837 | R4: =SUM(Player_Core!L8:L10) -> 4.4621655 | S4: NBA champions | T4: Core available in Finals; Irving began season rehabbing 2015 knee fracture. | U4: https://www.basketball-reference.com/teams/CLE/2016.html | V4: https://www.thebasketballdatabase.com/2015-16CLERegularSeasonAdvanced.html | W4: https://www.thebasketballdatabase.com/2015-16CLERegularSeasonPlaybyPlay.html
A5: 2016-17 | B5: Golden State Warriors | C5: Superteam | D5: 82 | E5: 67 | F5: 15 | G5: 115.6 | H5: 104 | I5: 11.6 | J5: -128 | K5: =IF(J5>0,100/(J5+100),ABS(J5)/(ABS(J5)+100)) -> 0.56140351 | L5: Stephen Curry / Kevin Durant / Draymond Green | M5: =SUM(Player_Core!I11:I13) -> 33.8 | N5: =IF(E5=0,0,M5/E5) -> 0.50447761 | O5: =AVERAGE(Player_Core!K11:K13) -> 12.746667 | P5: =SUM(Player_Core!H11:H13) -> 29 | Q5: =1-P5/SUM(Player_Core!F11:F13) -> 0.88211382 | R5: =SUM(Player_Core!L11:L13) -> 5.0837388 | S5: NBA champions | T5: Durant missed time with a knee injury but returned for the playoffs. | U5: https://www.basketball-reference.com/teams/GSW/2017.html | V5: https://www.thebasketballdatabase.com/2016-17GSWRegularSeasonAdvanced.html | W5: https://www.thebasketballdatabase.com/2016-17RegularSeasonPlayerOnOffNet.html
A6: 2018-19 | B6: Golden State Warriors | C6: Superteam | D6: 82 | E6: 57 | F6: 25 | G6: 115.9 | H6: 109.5 | I6: 6.4 | J6: -168 | K6: =IF(J6>0,100/(J6+100),ABS(J6)/(ABS(J6)+100)) -> 0.62686567 | L6: Stephen Curry / Kevin Durant / Klay Thompson | M6: =SUM(Player_Core!I14:I16) -> 26.4 | N6: =IF(E6=0,0,M6/E6) -> 0.46315789 | O6: =AVERAGE(Player_Core!K14:K16) -> 10.65 | P6: =SUM(Player_Core!H14:H16) -> 21 | Q6: =1-P6/SUM(Player_Core!F14:F16) -> 0.91463415 | R6: =SUM(Player_Core!L14:L16) -> 2.6839465 | S6: Lost NBA Finals | T6: Durant suffered calf/Achilles injuries; Thompson tore ACL in the Finals. | U6: https://www.basketball-reference.com/teams/GSW/2019.html | V6: https://www.thebasketballdatabase.com/2018-19GSWRegularSeasonAdvanced.html | W6: https://www.thebasketballdatabase.com/2018-19RegularSeasonPlayerOnOffNet.html
A7: 2018-19 | B7: Toronto Raptors | C7: Comparison | D7: 82 | E7: 58 | F7: 24 | G7: 113.1 | H7: 107.1 | I7: 6 | J7: 1850 | K7: =IF(J7>0,100/(J7+100),ABS(J7)/(ABS(J7)+100)) -> 0.051282051 | L7: Kawhi Leonard / Pascal Siakam / Kyle Lowry | M7: =SUM(Player_Core!I17:I19) -> 26.2 | N7: =IF(E7=0,0,M7/E7) -> 0.45172414 | O7: =AVERAGE(Player_Core!K17:K19) -> 9.91 | P7: =SUM(Player_Core!H17:H19) -> 41 | Q7: =1-P7/SUM(Player_Core!F17:F19) -> 0.83333333 | R7: =SUM(Player_Core!L17:L19) -> 5.6144231 | S7: NBA champions | T7: Leonard was load-managed in regular season; core was available through title run. | U7: https://www.basketball-reference.com/teams/TOR/2019.html | V7: https://www.thebasketballdatabase.com/2018-19TORRegularSeasonAdvanced.html | W7: https://www.thebasketballdatabase.com/2018-19RegularSeasonPlayerOnOffNet.html
A8: 2020-21 | B8: Brooklyn Nets | C8: Superteam | D8: 72 | E8: 48 | F8: 24 | G8: 118.3 | H8: 113.8 | I8: 4.5 | J8: 600 | K8: =IF(J8>0,100/(J8+100),ABS(J8)/(ABS(J8)+100)) -> 0.14285714 | L8: Kevin Durant / James Harden / Kyrie Irving | M8: =SUM(Player_Core!I20:I22) -> 19 | N8: =IF(E8=0,0,M8/E8) -> 0.39583333 | O8: =AVERAGE(Player_Core!K20:K22) -> 4.44 | P8: =SUM(Player_Core!H20:H22) -> 78 | Q8: =1-P8/SUM(Player_Core!F20:F22) -> 0.61576355 | R8: =SUM(Player_Core!L20:L22) -> 11.949762 | S8: Lost East semifinals | T8: Harden hamstring and Irving ankle injuries disrupted the playoff trio. | U8: https://www.basketball-reference.com/teams/BRK/2021.html | V8: https://www.thebasketballdatabase.com/2020-21BKNRegularSeasonAdvanced.html | W8: https://www.thebasketballdatabase.com/2020-21BKNRegularSeasonPlaybyPlay.html
A9: 2020-21 | B9: Milwaukee Bucks | C9: Comparison | D9: 72 | E9: 46 | F9: 26 | G9: 117.2 | H9: 111.4 | I9: 5.7 | J9: 550 | K9: =IF(J9>0,100/(J9+100),ABS(J9)/(ABS(J9)+100)) -> 0.15384615 | L9: Giannis Antetokounmpo / Jrue Holiday / Khris Middleton | M9: =SUM(Player_Core!I23:I25) -> 24.1 | N9: =IF(E9=0,0,M9/E9) -> 0.52391304 | O9: =AVERAGE(Player_Core!K23:K25) -> 4.2766667 | P9: =SUM(Player_Core!H23:H25) -> 28 | Q9: =1-P9/SUM(Player_Core!F23:F25) -> 0.87037037 | R9: =SUM(Player_Core!L23:L25) -> 3.8078993 | S9: NBA champions | T9: Giannis hyperextended knee in East finals and returned for the Finals. | U9: https://www.basketball-reference.com/teams/MIL/2021.html | V9: https://www.thebasketballdatabase.com/2020-21MILRegularSeasonAdvanced.html | W9: https://www.thebasketballdatabase.com/2020-21RegularSeasonPlayerOnOffNet.html
A10: 2021-22 | B10: Los Angeles Lakers | C10: Superteam | D10: 82 | E10: 33 | F10: 49 | G10: 110.3 | H10: 113.3 | I10: -3 | J10: 400 | K10: =IF(J10>0,100/(J10+100),ABS(J10)/(ABS(J10)+100)) -> 0.2 | L10: LeBron James / Anthony Davis / Russell Westbrook | M10: =SUM(Player_Core!I26:I28) -> 14.4 | N10: =IF(E10=0,0,M10/E10) -> 0.43636364 | O10: =AVERAGE(Player_Core!K26:K28) -> -0.25 | P10: =SUM(Player_Core!H26:H28) -> 72 | Q10: =1-P10/SUM(Player_Core!F26:F28) -> 0.70731707 | R10: =SUM(Player_Core!L26:L28) -> 8.5126923 | S10: Missed playoffs | T10: James and Davis missed substantial time; roster never stabilized. | U10: https://www.basketball-reference.com/teams/LAL/2022.html | V10: https://www.thebasketballdatabase.com/2021-22LALRegularSeasonAdvanced.html | W10: https://www.thebasketballdatabase.com/2021-22RegularSeasonPlayerOnOffNet.html
A11: 2021-22 | B11: Boston Celtics | C11: Comparison | D11: 82 | E11: 51 | F11: 31 | G11: 114.4 | H11: 106.9 | I11: 7.5 | J11: 4000 | K11: =IF(J11>0,100/(J11+100),ABS(J11)/(ABS(J11)+100)) -> 0.024390244 | L11: Jayson Tatum / Jaylen Brown / Marcus Smart | M11: =SUM(Player_Core!I29:I31) -> 21.7 | N11: =IF(E11=0,0,M11/E11) -> 0.4254902 | O11: =AVERAGE(Player_Core!K29:K31) -> 8.2833333 | P11: =SUM(Player_Core!H29:H31) -> 33 | Q11: =1-P11/SUM(Player_Core!F29:F31) -> 0.86585366 | R11: =SUM(Player_Core!L29:L31) -> 3.1259665 | S11: Lost NBA Finals | T11: Core mostly available in playoffs; supporting-center health was a larger issue. | U11: https://www.basketball-reference.com/teams/BOS/2022.html | V11: https://www.thebasketballdatabase.com/2021-22BOSRegularSeasonAdvanced.html | W11: https://www.thebasketballdatabase.com/2021-22RegularSeasonPlayerOnOffNet.html
A12: 2022-23 | B12: Denver Nuggets | C12: Comparison | D12: 82 | E12: 53 | F12: 29 | G12: 117.6 | H12: 114.2 | I12: 3.4 | J12: 1800 | K12: =IF(J12>0,100/(J12+100),ABS(J12)/(ABS(J12)+100)) -> 0.052631579 | L12: Nikola Jokic / Jamal Murray / Aaron Gordon | M12: =SUM(Player_Core!I32:I34) -> 40.6 | N12: =IF(E12=0,0,M12/E12) -> 0.76603774 | O12: =AVERAGE(Player_Core!K32:K34) -> 17.376667 | P12: =SUM(Player_Core!H32:H34) -> 44 | Q12: =1-P12/SUM(Player_Core!F32:F34) -> 0.82113821 | R12: =SUM(Player_Core!L32:L34) -> 8.4237288 | S12: NBA champions | T12: Core entered playoffs healthy; Murray had returned from prior ACL absence. | U12: https://www.basketball-reference.com/teams/DEN/2023.html | V12: https://www.thebasketballdatabase.com/2022-23DENRegularSeasonAdvanced.html | W12: https://www.thebasketballdatabase.com/2022-23RegularSeasonPlayerOnOffNet.html

Sheet Player_Core
A1: Season | B1: Team | C1: Group | D1: Player | E1: Core Slot | F1: Eligible Games | G1: Games Played | H1: Games Missed | I1: TBDD Win Shares | J1: WS / Game | K1: Net On/Off | L1: Weighted Missed Value | M1: Absence Context | N1: WS Source | O1: On/Off Source
A2: 2012-13 | B2: Miami Heat | C2: Superteam | D2: LeBron James | E2: 1 | F2: 82 | G2: 76 | H2: =F2-G2 -> 6 | I2: 20.1 | J2: =IF(G2=0,0,I2/G2) -> 0.26447368 | K2: 15 | L2: =J2*H2 -> 1.5868421 | M2: Minor injury/rest | N2: https://www.thebasketballdatabase.com/2012-13MIARegularSeasonAdvanced.html | O2: https://www.thebasketballdatabase.com/2012-13MIARegularSeasonPlaybyPlay.html
A3: 2012-13 | B3: Miami Heat | C3: Superteam | D3: Dwyane Wade | E3: 2 | F3: 82 | G3: 69 | H3: =F3-G3 -> 13 | I3: 10 | J3: =IF(G3=0,0,I3/G3) -> 0.14492754 | K3: 9.51 | L3: =J3*H3 -> 1.884058 | M3: Knee management / minor injuries | N3: https://www.thebasketballdatabase.com/2012-13MIARegularSeasonAdvanced.html | O3: https://www.thebasketballdatabase.com/2012-13MIARegularSeasonPlaybyPlay.html
A4: 2012-13 | B4: Miami Heat | C4: Superteam | D4: Chris Bosh | E4: 3 | F4: 82 | G4: 74 | H4: =F4-G4 -> 8 | I4: 9.2 | J4: =IF(G4=0,0,I4/G4) -> 0.12432432 | K4: 1.36 | L4: =J4*H4 -> 0.99459459 | M4: Minor injury/illness | N4: https://www.thebasketballdatabase.com/2012-13MIARegularSeasonAdvanced.html | O4: https://www.thebasketballdatabase.com/2012-13MIARegularSeasonPlaybyPlay.html
A5: 2013-14 | B5: San Antonio Spurs | C5: Comparison | D5: Tim Duncan | E5: 1 | F5: 82 | G5: 74 | H5: =F5-G5 -> 8 | I5: 7.5 | J5: =IF(G5=0,0,I5/G5) -> 0.10135135 | K5: -4.27 | L5: =J5*H5 -> 0.81081081 | M5: Rest / minor injury | N5: https://www.thebasketballdatabase.com/2013-14SASRegularSeasonAdvanced.html | O5: https://www.thebasketballdatabase.com/2013-14RegularSeasonPlayerOnOffNet.html
A6: 2013-14 | B6: San Antonio Spurs | C6: Comparison | D6: Tony Parker | E6: 2 | F6: 82 | G6: 68 | H6: =F6-G6 -> 14 | I6: 6.1 | J6: =IF(G6=0,0,I6/G6) -> 0.089705882 | K6: -2.93 | L6: =J6*H6 -> 1.2558824 | M6: Injury / rest | N6: https://www.thebasketballdatabase.com/2013-14SASRegularSeasonAdvanced.html | O6: https://www.thebasketballdatabase.com/2013-14RegularSeasonPlayerOnOffNet.html
A7: 2013-14 | B7: San Antonio Spurs | C7: Comparison | D7: Kawhi Leonard | E7: 3 | F7: 82 | G7: 66 | H7: =F7-G7 -> 16 | I7: 7.7 | J7: =IF(G7=0,0,I7/G7) -> 0.11666667 | K7: 2.76 | L7: =J7*H7 -> 1.8666667 | M7: Hand injury | N7: https://www.thebasketballdatabase.com/2013-14SASRegularSeasonAdvanced.html | O7: https://www.thebasketballdatabase.com/2013-14RegularSeasonPlayerOnOffNet.html
A8: 2015-16 | B8: Cleveland Cavaliers | C8: Superteam | D8: LeBron James | E8: 1 | F8: 82 | G8: 76 | H8: =F8-G8 -> 6 | I8: 14.1 | J8: =IF(G8=0,0,I8/G8) -> 0.18552632 | K8: 15.81 | L8: =J8*H8 -> 1.1131579 | M8: Rest / minor injury | N8: https://www.thebasketballdatabase.com/2015-16CLERegularSeasonAdvanced.html | O8: https://www.thebasketballdatabase.com/2015-16CLERegularSeasonPlaybyPlay.html
A9: 2015-16 | B9: Cleveland Cavaliers | C9: Superteam | D9: Kyrie Irving | E9: 2 | F9: 82 | G9: 53 | H9: =F9-G9 -> 29 | I9: 5.1 | J9: =IF(G9=0,0,I9/G9) -> 0.096226415 | K9: -0.29 | L9: =J9*H9 -> 2.790566 | M9: Knee fracture rehabilitation | N9: https://www.thebasketballdatabase.com/2015-16CLERegularSeasonAdvanced.html | O9: https://www.thebasketballdatabase.com/2015-16CLERegularSeasonPlaybyPlay.html
A10: 2015-16 | B10: Cleveland Cavaliers | C10: Superteam | D10: Kevin Love | E10: 3 | F10: 82 | G10: 77 | H10: =F10-G10 -> 5 | I10: 8.6 | J10: =IF(G10=0,0,I10/G10) -> 0.11168831 | K10: 3.88 | L10: =J10*H10 -> 0.55844156 | M10: Minor injury / rest | N10: https://www.thebasketballdatabase.com/2015-16CLERegularSeasonAdvanced.html | O10: https://www.thebasketballdatabase.com/2015-16CLERegularSeasonPlaybyPlay.html
A11: 2016-17 | B11: Golden State Warriors | C11: Superteam | D11: Stephen Curry | E11: 1 | F11: 82 | G11: 79 | H11: =F11-G11 -> 3 | I11: 13 | J11: =IF(G11=0,0,I11/G11) -> 0.16455696 | K11: 18.32 | L11: =J11*H11 -> 0.49367089 | M11: Minor injury / rest | N11: https://www.thebasketballdatabase.com/2016-17GSWRegularSeasonAdvanced.html | O11: https://www.thebasketballdatabase.com/2016-17RegularSeasonPlayerOnOffNet.html
A12: 2016-17 | B12: Golden State Warriors | C12: Superteam | D12: Kevin Durant | E12: 2 | F12: 82 | G12: 62 | H12: =F12-G12 -> 20 | I12: 12.1 | J12: =IF(G12=0,0,I12/G12) -> 0.19516129 | K12: 8.41 | L12: =J12*H12 -> 3.9032258 | M12: Knee injury | N12: https://www.thebasketballdatabase.com/2016-17GSWRegularSeasonAdvanced.html | O12: https://www.thebasketballdatabase.com/2016-17RegularSeasonPlayerOnOffNet.html
A13: 2016-17 | B13: Golden State Warriors | C13: Superteam | D13: Draymond Green | E13: 3 | F13: 82 | G13: 76 | H13: =F13-G13 -> 6 | I13: 8.7 | J13: =IF(G13=0,0,I13/G13) -> 0.11447368 | K13: 11.51 | L13: =J13*H13 -> 0.68684211 | M13: Minor injury / rest | N13: https://www.thebasketballdatabase.com/2016-17GSWRegularSeasonAdvanced.html | O13: https://www.thebasketballdatabase.com/2016-17RegularSeasonPlayerOnOffNet.html
... A34: 2022-23 | B34: Denver Nuggets | C34: Comparison | D34: Aaron Gordon | E34: 3 | F34: 82 | G34: 68 | H34: =F34-G34 -> 14 | I34: 10 | J34: =IF(G34=0,0,I34/G34) -> 0.14705882 | K34: 19.69 | L34: =J34*H34 -> 2.0588235 | M34: Shoulder / other injuries | N34: https://www.thebasketballdatabase.com/2022-23DENRegularSeasonAdvanced.html | O34: https://www.thebasketballdatabase.com/2022-23RegularSeasonPlayerOnOffNet.html

Sheet Methodology
A1: NBA Superteam Fragility Dataset — Methodology
A3: Purpose | B3: Test the core idea: star aggregation can raise a team's ceiling while concentrating value and increasing exposure to a star's absence.
A4: Sample | B4: Six superteam seasons and five comparison contenders/champions from 2012-13 through 2022-23. The sample is illustrative, not a league-wide causal study.
A5: Superteam label | B5: A roster built around multiple established star players whose combined talent creates an unusually high concentration of top-end ability. This is a hand-coded classification for the article.
A6: Core trio | B6: Three players selected to represent the team's central star/core structure. They are not always the literal top three players by Win Shares.
A7: Expected value proxy | B7: Implied preseason championship probability from Basketball-Reference preseason title odds. Formula converts American odds into implied probability; sportsbook margin is not removed.
A8: Core WS / Team Wins | B8: Core trio Win Shares divided by actual team wins. Treat this as a descriptive concentration proxy, not a literal causal share of wins.
A9: Net On/Off | B9: Team net-rating difference with a player on the floor versus off. Useful for dependence, but affected by teammates, opponents, rotations and substitution patterns.
A10: Core Games Missed | B10: Eligible Games minus Games Played, summed across the three core players. James Harden's 2020-21 eligible-game denominator begins after his Brooklyn acquisition rather than counting pre-trade Nets games as missed.
A11: Core Availability % | B11: 1 - Core Games Missed / total eligible core-player games.
A12: Value-Weighted Games Missed | B12: For each player: (Win Shares / Games Played) × Games Missed; then summed across the core trio. This is an exposure proxy, not an estimate of counterfactual wins literally lost.
A13: Absence Context | B13: Hand-coded, high-level context to distinguish injury, load management, health protocols, trade timing and other absences. It is not a complete medical log.
A14: Regular season vs playoffs | B14: Quantitative availability measures here are regular-season measures. Playoff injury notes are kept separately because a missed playoff game has a very different competitive cost.
... A17: Interpretation | B17: The dataset should be used to compare concentration, dependence and exposure—not to claim that superteams mechanically cause injuries or that any single metric proves fragility.

Sheet Dashboard
A1: Superteam Fragility — Analysis Dashboard
A3: Metric | B3: Superteams | D3: Metric | E3: Comparison | G3: Team Type | H3: Avg Implied Title Probability
A4: Avg implied title probability | B4: =AVERAGE(Team_Season!K2,Team_Season!K4,Team_Season!K5,Team_Season!K6,Team_Season!K8,Team_Season!K10) -> 0.35032942 | D4: Avg implied title probability | E4: =AVERAGE(Team_Season!K3,Team_Season!K7,Team_Season!K9,Team_Season!K11,Team_Season!K12) -> 0.071814621 | G4: Comparison | H4: =AVERAGE(Team_Season!K3,Team_Season!K7,Team_Season!K9,Team_Season!K11,Team_Season!K12) -> 0.071814621
A5: Avg net rating | B5: =AVERAGE(Team_Season!I2,Team_Season!I4,Team_Season!I5,Team_Season!I6,Team_Season!I8,Team_Season!I10) -> 5.75 | D5: Avg net rating | E5: =AVERAGE(Team_Season!I3,Team_Season!I7,Team_Season!I9,Team_Season!I11,Team_Season!I12) -> 6.14 | G5: Superteam | H5: =AVERAGE(Team_Season!K2,Team_Season!K4,Team_Season!K5,Team_Season!K6,Team_Season!K8,Team_Season!K10) -> 0.35032942
A6: Avg Core WS / Team Wins | B6: =AVERAGE(Team_Season!N2,Team_Season!N4,Team_Season!N5,Team_Season!N6,Team_Season!N8,Team_Season!N10) -> 0.48050105 | D6: Avg Core WS / Team Wins | E6: =AVERAGE(Team_Season!N3,Team_Season!N7,Team_Season!N9,Team_Season!N11,Team_Season!N12) -> 0.5021427
A7: Avg core Net On/Off | B7: =AVERAGE(Team_Season!O2,Team_Season!O4,Team_Season!O5,Team_Season!O6,Team_Season!O8,Team_Season!O10) -> 7.1127778 | D7: Avg core Net On/Off | E7: =AVERAGE(Team_Season!O3,Team_Season!O7,Team_Season!O9,Team_Season!O11,Team_Season!O12) -> 7.6733333
A8: Avg core availability | B8: =AVERAGE(Team_Season!Q2,Team_Season!Q4,Team_Season!Q5,Team_Season!Q6,Team_Season!Q8,Team_Season!Q10) -> 0.80791181 | D8: Avg core availability | E8: =AVERAGE(Team_Season!Q3,Team_Season!Q7,Team_Season!Q9,Team_Season!Q11,Team_Season!Q12) -> 0.84724481
A9: Avg value-weighted games missed | B9: =AVERAGE(Team_Season!R2,Team_Season!R4,Team_Season!R5,Team_Season!R6,Team_Season!R8,Team_Season!R10) -> 6.1929666 | D9: Avg value-weighted games missed | E9: =AVERAGE(Team_Season!R3,Team_Season!R7,Team_Season!R9,Team_Season!R11,Team_Season!R12) -> 4.9810755
A12: Team-season | B12: Group | C12: Core WS / Team Wins | E12: Team-season | F12: Group | G12: Value-Weighted Games Missed
A13: 2012-13 Miami Heat | B13: Superteam | C13: =Team_Season!N2 -> 0.59545455 | E13: 2012-13 Miami Heat | F13: Superteam | G13: =Team_Season!R2 -> 4.4654947
A14: 2013-14 San Antonio Spurs | B14: Comparison | C14: =Team_Season!N3 -> 0.34354839 | E14: 2013-14 San Antonio Spurs | F14: Comparison | G14: =Team_Season!R3 -> 3.9333598
A15: 2015-16 Cleveland Cavaliers | B15: Superteam | C15: =Team_Season!N4 -> 0.4877193 | E15: 2015-16 Cleveland Cavaliers | F15: Superteam | G15: =Team_Season!R4 -> 4.4621655
A16: 2016-17 Golden State Warriors | B16: Superteam | C16: =Team_Season!N5 -> 0.50447761 | E16: 2016-17 Golden State Warriors | F16: Superteam | G16: =Team_Season!R5 -> 5.0837388
A17: 2018-19 Golden State Warriors | B17: Superteam | C17: =Team_Season!N6 -> 0.46315789 | E17: 2018-19 Golden State Warriors | F17: Superteam | G17: =Team_Season!R6 -> 2.6839465
A18: 2018-19 Toronto Raptors | B18: Comparison | C18: =Team_Season!N7 -> 0.45172414 | E18: 2018-19 Toronto Raptors | F18: Comparison | G18: =Team_Season!R7 -> 5.6144231
A19: 2020-21 Brooklyn Nets | B19: Superteam | C19: =Team_Season!N8 -> 0.39583333 | E19: 2020-21 Brooklyn Nets | F19: Superteam | G19: =Team_Season!R8 -> 11.949762
A20: 2020-21 Milwaukee Bucks | B20: Comparison | C20: =Team_Season!N9 -> 0.52391304 | E20: 2020-21 Milwaukee Bucks | F20: Comparison | G20: =Team_Season!R9 -> 3.8078993
A21: 2021-22 Los Angeles Lakers | B21: Superteam | C21: =Team_Season!N10 -> 0.43636364 | E21: 2021-22 Los Angeles Lakers | F21: Superteam | G21: =Team_Season!R10 -> 8.5126923
A22: 2021-22 Boston Celtics | B22: Comparison | C22: =Team_Season!N11 -> 0.4254902 | E22: 2021-22 Boston Celtics | F22: Comparison | G22: =Team_Season!R11 -> 3.1259665
A23: 2022-23 Denver Nuggets | B23: Comparison | C23: =Team_Season!N12 -> 0.76603774 | E23: 2022-23 Denver Nuggets | F23: Comparison | G23: =Team_Season!R12 -> 8.4237288
A25: Read the measures together: concentration asks where team value sits; Net On/Off asks how dependent performance is on the core; value-weighted games missed asks how often the team was exposed to that dependence. None is a standalone causal test.
